Workbook

Sheet lookup 
A2: The LOOKUP function in Excel searches a value in one column or row and returns a matching value from the same position in another column or row.
A5: The syntax of the vector Lookup is as follows: LOOKUP(lookup_value, lookup_vector, [result_vector])
A7: Where: Lookup_value (required) - a value to search for. It can be a number, text, logical value of TRUE or FALSE, or a reference to a cell containing the lookup value. Lookup_vector (required) - one-row or one-column range to be searched. It must be sorted in ascending order. Result_vector (optional) - one-row or one-column range from which you want to return the result - a value in the same position as the lookup value. Result_vector must be the same size as lookup_range. If omitted, the result is returned from lookup_vector.
A9: Vertical Lookup formula - search in one-column range
A12: Seller | C12: Seller | D12: Products
A13: Product | C13: Akash | D13: Banana
C14: Pratik | D14: Apple
C15: neha | D15: Mango
C16: Nidhi | D16: Oranges
A19: Horizontal Lookup formula - search in one-row range
A20: If your source data has a horizontal layout, i.e. the entries reside in rows rather than columns, then supply a one-row range in the lookup_vector and result_vector arguments, like this
A22: Seller | D22: Seller | E22: Akash | F22: Pratik | G22: neha | H22: Nidhi
A23: Product | D23: Products | E23: Banana | F23: Apple | G23: Mango | H23: Oranges

Sheet Vlookup
A1: A VLOOKUP function exists of 4 components: The value you want to look up; The range in which you want to find the value and the return value; The number of the column within your defined range, that contains the return value; 0 or FALSE for an exact match with the value your are looking for; 1 or TRUE for an approximate match. Syntax: VLOOKUP([value], [range], [column number], [false or true])
H4: VLOOKUP | I4: =VLOOKUP(610,A5:F24,6,FALSE) -> B
A5: ID | B5: First | C5: Last | D5: Start | E5: Department | F5: Group
A6: 610 | B6: Janet | C6: McFadden | D6: 39367 | E6: Fulfilment | F6: B | I6: Vlookup
A7: 798 | B7: Steven | C7: Batista | D7: 43077 | E7: Sales | F7: A | I7: ID | J7: 100 | K7: Input
A8: 841 | B8: Evelyn | C8: Monet | D8: 38007 | E8: Fulfilment | F8: B | I8: First | J8: =VLOOKUP($J7,$A5:$F25,2,FALSE) -> akash
A9: 886 | B9: Marliyn | C9: Stephens | D9: 41447 | E9: Fulfilment | F9: C | I9: Last | J9: =VLOOKUP($J7,$A5:$F25,3,FALSE) -> patil
A10: 622 | B10: Jon | C10: Addlngton | D10: 42977 | E10: marketing | F10: A | I10: Start | J10: =VLOOKUP($J7,$A5:$F25,4,FALSE) -> 39797
A11: 601 | B11: Adrian | C11: Birt | D11: 40340 | F11: C | I11: Department | J11: =VLOOKUP($J7,$A5:$F25,5,FALSE) -> Sales
A12: 869 | B12: Julie | C12: irons | D12: 41491 | E12: marketing | F12: A | I12: Group | J12: =VLOOKUP($J7,$A5:$F25,6,FALSE) -> A
A13: 867 | B13: Erica | C13: Baisely | D13: 39646 | E13: Fulfilment | F13: B
A14: 785 | B14: Harold | C14: Calyon | D14: 40640 | E14: Fulfilment | F14: B
A15: 648 | B15: Sharyn | C15: Corriveau | D15: 41893 | E15: Support | F15: B
A16: 604 | B16: Leslee | C16: Mosley | D16: 42564 | E16: Sales | F16: C
A17: 352 | B17: Wanda | C17: Menard | D17: 40537 | E17: Engineering | F17: C
A18: 623 | B18: Terry | C18: Robinson | D18: 39942 | E18: Sales | F18: A
A19: 428 | B19: Richard | C19: Orland | D19: 38296 | E19: marketing | F19: A
A20: 491 | B20: Rita | C20: Yeager | D20: 42307 | E20: Sales | F20: A
A21: 625 | B21: Irene | C21: Bishop | D21: 40950 | E21: Fulfilment | F21: B
A22: 184 | B22: Mildred | C22: Shell | D22: 37733 | E22: Sales | F22: A
A23: 893 | B23: Emma | C23: Spurlock | D23: 39797 | E23: Sales | F23: A
A24: 645 | B24: Julie | C24: Stier | D24: 39648 | E24: Fulfilment | F24: B
A25: 100 | B25: akash | C25: patil | D25: 39797 | E25: Sales | F25: A

Sheet Sheet1
A1: ID | B1: First | C1: Last | D1: Start | E1: Department | F1: Group
A2: 610 | B2: Janet | C2: McFadden | D2: 39367 | E2: Fulfilment | F2: B
A3: 798 | B3: Steven | C3: Batista | D3: 43077 | E3: Sales | F3: A
A4: 841 | B4: Evelyn | C4: Monet | D4: 38007 | E4: Fulfilment | F4: B | J4: Vlookup
A5: 886 | B5: Marliyn | C5: Stephens | D5: 41447 | E5: Fulfilment | F5: C | J5: ID | K5: 68 | L5: Input | M5: Match | N5: IT return index of provided Table array.
A6: 622 | B6: Jon | C6: Addlngton | D6: 42977 | E6: marketing | F6: A | J6: First | K6: =VLOOKUP(K5,xyz[],2,FALSE) -> Abhay | L6: =MATCH(J6,xyz[#Headers],0) -> 2
A7: 601 | B7: Adrian | C7: Birt | D7: 40340 | F7: C | J7: Last | K7: =VLOOKUP($K5,xyz[],3,FALSE) -> Corriveau | L7: =MATCH(J7,xyz[#Headers],0) -> 3
A8: 869 | B8: Julie | C8: irons | D8: 41491 | E8: marketing | F8: A | J8: Start | K8: =VLOOKUP($K5,xyz[],4,FALSE) -> 41893 | L8: =MATCH(J8,xyz[#Headers],0) -> 4
A9: 867 | B9: Erica | C9: Baisely | D9: 39646 | E9: Fulfilment | F9: B | J9: Department | K9: =VLOOKUP($K5,xyz[],5,FALSE) -> Support | L9: =MATCH(J9,xyz[#Headers],0) -> 5
A10: 785 | B10: Harold | C10: Calyon | D10: 40640 | E10: Fulfilment | F10: B | J10: Group | K10: =VLOOKUP($K5,xyz[],6,FALSE) -> B | L10: =MATCH(J10,xyz[#Headers],0) -> 6
A11: 648 | B11: Sharyn | C11: Corriveau | D11: 41893 | E11: Support | F11: B
A12: 604 | B12: Leslee | C12: Mosley | D12: 42564 | E12: Sales | F12: C
A13: 352 | B13: Wanda | C13: Menard | D13: 40537 | E13: Engineering | F13: C | J13: ID | K13: 610
A14: 623 | B14: Terry | C14: Robinson | D14: 39942 | E14: Sales | F14: A | J14: First | K14: =VLOOKUP($K$13,xyz[],MATCH(J14,xyz[#Headers],0),FALSE) -> Janet
A15: 428 | B15: Richard | C15: Orland | D15: 38296 | E15: marketing | F15: A | J15: Last | K15: =VLOOKUP($K$13,xyz[],MATCH(J15,xyz[#Headers],0),FALSE) -> McFadden
A16: 491 | B16: Rita | C16: Yeager | D16: 42307 | E16: Sales | F16: A | J16: Start | K16: =VLOOKUP($K$13,xyz[],MATCH(J16,xyz[#Headers],0),FALSE) -> 39367
A17: 625 | B17: Irene | C17: Bishop | D17: 40950 | E17: Fulfilment | F17: B | J17: Department | K17: =VLOOKUP($K$13,xyz[],MATCH(J17,xyz[#Headers],0),FALSE) -> Fulfilment
A18: 184 | B18: Mildred | C18: Shell | D18: 37733 | E18: Sales | F18: A | J18: Group | K18: =VLOOKUP($K$13,xyz[],MATCH(J18,xyz[#Headers],0),FALSE) -> B
A19: 893 | B19: Emma | C19: Spurlock | D19: 39797 | E19: Sales | F19: A
A20: 645 | B20: Julie | C20: Stier | D20: 39648 | E20: Fulfilment | F20: B
A21: 100 | B21: akash | C21: patil | D21: 39797 | E21: Sales | F21: A
A22: 68 | B22: Abhay | C22: Corriveau | D22: 41893 | E22: Support | F22: B

Sheet DYNAMIC Vlookup
A1: ID | B1: First | C1: Last | D1: Start | E1: Department | F1: Group
A2: 610 | B2: Janet | C2: McFadden | D2: 39367 | E2: Fulfilment | F2: B
A3: 798 | B3: Steven | C3: Batista | D3: 43077 | E3: Sales | F3: A
A4: 841 | B4: Evelyn | C4: Monet | D4: 38007 | E4: Fulfilment | F4: B | H4: ID | I4: 100 | J4: Match
A5: 886 | B5: Marliyn | C5: Stephens | D5: 41447 | E5: Fulfilment | F5: C | H5: First | I5: =VLOOKUP($I$4,Table_1[#All],H5) -> #N/A
A6: 622 | B6: Jon | C6: Addlngton | D6: 42977 | E6: marketing | F6: A | H6: Last
A7: 601 | B7: Adrian | C7: Birt | D7: 40340 | F7: C | H7: Start
A8: 869 | B8: Julie | C8: irons | D8: 41491 | E8: marketing | F8: A | H8: Department
A9: 867 | B9: Erica | C9: Baisely | D9: 39646 | E9: Fulfilment | F9: B | H9: Group
A10: 785 | B10: Harold | C10: Calyon | D10: 40640 | E10: Fulfilment | F10: B
A11: 648 | B11: Sharyn | C11: Corriveau | D11: 41893 | E11: Support | F11: B | H11: VLOOKUP WITH MATCH FUNCTION
A12: 604 | B12: Leslee | C12: Mosley | D12: 42564 | E12: Sales | F12: C | H12: ID
A13: 352 | B13: Wanda | C13: Menard | D13: 40537 | E13: Engineering | F13: C | H13: First
A14: 623 | B14: Terry | C14: Robinson | D14: 39942 | E14: Sales | F14: A | H14: Last
A15: 428 | B15: Richard | C15: Orland | D15: 38296 | E15: marketing | F15: A | H15: Start
A16: 491 | B16: Rita | C16: Yeager | D16: 42307 | E16: Sales | F16: A | H16: Department
A17: 625 | B17: Irene | C17: Bishop | D17: 40950 | E17: Fulfilment | F17: B | H17: Group
A18: 184 | B18: Mildred | C18: Shell | D18: 37733 | E18: Sales | F18: A
A19: 893 | B19: Emma | C19: Spurlock | D19: 39797 | E19: Sales | F19: A
A20: 645 | B20: Julie | C20: Stier | D20: 39648 | E20: Fulfilment | F20: B
A21: 100 | B21: akash | C21: patil | D21: 39797 | E21: Sales | F21: A

Sheet HLOOKUP
C3: Seller | D3: Akash | E3: Pratik | F3: neha | G3: Nidhi
C4: Products | D4: Banana | E4: Apple | F4: Mango | G4: Oranges
H7: input | I7: Pratik
H8: product | I8: =HLOOKUP(I7,C3:G4,2,FALSE) -> Apple
A9: Name | B9: Sales | C9: VLOOKUP | D9: HLOOKUP | F9: Sales | G9: Comm %
A10: Applebee | B10: 171900 | C10: =VLOOKUP($B10,HLOOKUP!$F$10:$G$17,2,TRUE) -> 0.07 | F10: 50000 | G10: 0.03
A11: Bueller | B11: 93500 | C11: =VLOOKUP($B11,HLOOKUP!$F$10:$G$17,2,TRUE) -> 0.04 | F11: 75000 | G11: 0.04
A12: Chung | B12: 151200 | C12: =VLOOKUP($B12,HLOOKUP!$F$10:$G$17,2,TRUE) -> 0.07 | D12: =HLOOKUP(B12,HLOOKUP!$F$10:$G$17,2,TRUE) -> 0.04 | F12: 100000 | G12: 0.05
A13: Crawford | B13: 119850 | C13: =VLOOKUP($B13,HLOOKUP!$F$10:$G$17,2,TRUE) -> 0.05 | D13: =HLOOKUP(B13,HLOOKUP!$F$10:$G$17,2,TRUE) -> 0.04 | F13: 125000 | G13: 0.06
A14: Joyce | B14: 89450 | C14: =VLOOKUP($B14,HLOOKUP!$F$10:$G$17,2,TRUE) -> 0.04 | D14: =HLOOKUP(B14,HLOOKUP!$F$10:$G$17,2,TRUE) -> 0.04 | F14: 150000 | G14: 0.07
A15: King | B15: 124500 | C15: =VLOOKUP($B15,HLOOKUP!$F$10:$G$17,2,TRUE) -> 0.05 | D15: =HLOOKUP(B15,HLOOKUP!$F$10:$G$17,2,TRUE) -> 0.04 | F15: 175000 | G15: 0.08
A16: MacDonald | B16: 131100 | C16: =VLOOKUP($B16,HLOOKUP!$F$10:$G$17,2,TRUE) -> 0.06 | D16: =HLOOKUP(B16,HLOOKUP!$F$10:$G$17,2,TRUE) -> 0.04 | F16: 200000 | G16: 0.09
A17: Richards | B17: 55300 | C17: =VLOOKUP($B17,HLOOKUP!$F$10:$G$17,2,TRUE) -> 0.03 | D17: =HLOOKUP(B17,HLOOKUP!$F$10:$G$17,2,TRUE) -> 0.04 | F17: 220000 | G17: 0.1
A18: Tanaka | B18: 220000 | C18: =VLOOKUP($B18,HLOOKUP!$F$10:$G$17,2,TRUE) -> 0.1 | D18: =HLOOKUP(B18,HLOOKUP!$F$10:$G$17,2,TRUE) -> 0.04
C22: Sales | D22: 50000 | E22: 75000 | F22: 100000 | G22: 125000 | H22: $ 1,50,000.00 | I22: 175000 | J22: 200000
C23: Comm % | D23: 0.03 | E23: 0.04 | F23: 0.05 | G23: 0.06 | H23: 0.07 | I23: 0.08 | J23: 0.09
C24: Comm% by Hlookup | D24: =HLOOKUP(D22,C22:J23,2,TRUE) -> 0.03 | E24: =HLOOKUP(E22,D22:K23,2,TRUE) -> 0.04 | F24: =HLOOKUP(F22,E22:L23,2,TRUE) -> 0.05 | G24: =HLOOKUP(G22,F22:M23,2,TRUE) -> 0.06 | H24: =HLOOKUP(H22,G22:N23,2,TRUE) -> 0.07 | I24: =HLOOKUP(I22,H22:O23,2,TRUE) -> 0.08 | J24: =HLOOKUP(J22,I22:P23,2,TRUE) -> 0.09
C29: Sales | D29: 171900 | E29: 93500 | F29: 151200 | G29: 119850 | H29: 89450 | I29: 124500 | J29: 131100 | K29: 55300 | L29: 220000
C30: Comm%

Sheet INDEX AND MATCH
A3: ID | B3: First | C3: Last | D3: Start | E3: Department | F3: Group
A4: 610 | B4: Janet | C4: McFadden | D4: 39367 | E4: Fulfilment | F4: B | H4: VLOOKUP WITH MATCH FUNCTION
A5: 798 | B5: Steven | C5: Batista | D5: 43077 | E5: Sales | F5: A | H5: ID | I5: 785
A6: 841 | B6: Evelyn | C6: Monet | D6: 38007 | E6: Fulfilment | F6: B | H6: First | I6: =VLOOKUP($I$5,$A$3:$F$23,MATCH(H6,$A$3:$F$3,0),FALSE) -> Harold
A7: 886 | B7: Marliyn | C7: Stephens | D7: 41447 | E7: Fulfilment | F7: C | H7: Last | I7: =VLOOKUP($I$5,$A$3:$F$23,MATCH(H7,$A$3:$F$3,0),FALSE) -> Calyon
A8: 622 | B8: Jon | C8: Addlngton | D8: 42977 | E8: marketing | F8: A | H8: Start | I8: =VLOOKUP($I$5,$A$3:$F$23,MATCH(H8,$A$3:$F$3,0),FALSE) -> 40640
A9: 601 | B9: Adrian | C9: Birt | D9: 40340 | F9: C | H9: Department | I9: =VLOOKUP($I$5,$A$3:$F$23,MATCH(H9,$A$3:$F$3,0),FALSE) -> Fulfilment
A10: 869 | B10: Julie | C10: irons | D10: 41491 | E10: marketing | F10: A | H10: Group | I10: =VLOOKUP($I$5,$A$3:$F$23,MATCH(H10,$A$3:$F$3,0),FALSE) -> B
A11: 867 | B11: Erica | C11: Baisely | D11: 39646 | E11: Fulfilment | F11: B
A12: 785 | B12: Harold | C12: Calyon | D12: 40640 | E12: Fulfilment | F12: B
A13: 648 | B13: Sharyn | C13: Corriveau | D13: 41893 | E13: Support | F13: B | H13: Index with match | J13: Row no | K13: colum no
A14: 604 | B14: Leslee | C14: Mosley | D14: 42564 | E14: Sales | F14: C | H14: ID | I14: 648 | J14: =MATCH(C4,$C$4:$C$23,0) -> 1 | K14: =MATCH(H14,$A$3:$F$3,0) -> 1
A15: 352 | B15: Wanda | C15: Menard | D15: 40537 | E15: Engineering | F15: C | H15: First | I15: =INDEX($A$4:$F$23,MATCH($I$14,$A$4:$A$23,0),MATCH(H15,$A$3:$F$3,0)) -> Sharyn | J15: =MATCH(C5,$C$4:$C$23,0) -> 2 | K15: =MATCH(H15,$A$3:$F$3,0) -> 2
A16: 623 | B16: Terry | C16: Robinson | D16: 39942 | E16: Sales | F16: A | H16: Last | I16: =INDEX($A$4:$F$23,MATCH($I$14,$A$4:$A$23,0),MATCH(H16,$A$3:$F$3,0)) -> Corriveau | J16: =MATCH(C6,$C$4:$C$23,0) -> 3 | K16: =MATCH(H16,$A$3:$F$3,0) -> 3
A17: 428 | B17: Richard | C17: Orland | D17: 38296 | E17: marketing | F17: A | H17: Start | I17: =INDEX($A$4:$F$23,MATCH($I$14,$A$4:$A$23,0),MATCH(H17,$A$3:$F$3,0)) -> 41893 | J17: =MATCH(C7,$C$4:$C$23,0) -> 4 | K17: =MATCH(H17,$A$3:$F$3,0) -> 4
A18: 491 | B18: Rita | C18: Yeager | D18: 42307 | E18: Sales | F18: A | H18: Department | I18: =INDEX($A$4:$F$23,MATCH($I$14,$A$4:$A$23,0),MATCH(H18,$A$3:$F$3,0)) -> Support | J18: =MATCH(C8,$C$4:$C$23,0) -> 5 | K18: =MATCH(H18,$A$3:$F$3,0) -> 5
A19: 625 | B19: Irene | C19: Bishop | D19: 40950 | E19: Fulfilment | F19: B | H19: Group | I19: =INDEX($A$4:$F$23,MATCH($I$14,$A$4:$A$23,0),MATCH(H19,$A$3:$F$3,0)) -> B | J19: =MATCH(C9,$C$4:$C$23,0) -> 6 | K19: =MATCH(H19,$A$3:$F$3,0) -> 6
A20: 184 | B20: Mildred | C20: Shell | D20: 37733 | E20: Sales | F20: A | J20: =MATCH(C10,$C$4:$C$23,0) -> 7
A21: 893 | B21: Emma | C21: Spurlock | D21: 39797 | E21: Sales | F21: A | J21: =MATCH(C11,$C$4:$C$23,0) -> 8
A22: 645 | B22: Julie | C22: Stier | D22: 39648 | E22: Fulfilment | F22: B | J22: =MATCH(C12,$C$4:$C$23,0) -> 9
A23: 100 | B23: akash | C23: patil | D23: 39797 | E23: Sales | F23: A | J23: =MATCH(C13,$C$4:$C$23,0) -> 10
J24: =MATCH(C14,$C$4:$C$23,0) -> 11
J25: =MATCH(C15,$C$4:$C$23,0) -> 12
J26: =MATCH(C16,$C$4:$C$23,0) -> 13
J27: =MATCH(C17,$C$4:$C$23,0) -> 14
J28: =MATCH(C18,$C$4:$C$23,0) -> 15
J29: =MATCH(C19,$C$4:$C$23,0) -> 16
J30: =MATCH(C20,$C$4:$C$23,0) -> 17
J31: =MATCH(C21,$C$4:$C$23,0) -> 18
J32: =MATCH(C22,$C$4:$C$23,0) -> 19
J33: =MATCH(C23,$C$4:$C$23,0) -> 20
J34: =MATCH(C24,$C$4:$C$23,0) -> #N/A
